".model","RMSE","MAE","MAPE","MASE","RMSSE"
"ETS_MAM",12658.4452474234,11345.9956514138,1.97383158734958,0.389171850970234,0.343657455315495
"ARIMA_man",14020.9488525887,12013.7545496294,2.13945456900268,0.412076228373905,0.380647347253811
"TSLM_seas",18694.3491871137,17446.1499624624,3.05660144729335,0.598409402029845,0.507523028685569
"TSLM_four",18768.0317432862,17483.7162759363,3.06289800365994,0.599697940488517,0.509523397550816
"ARIMA",18859.1542423879,16933.7866869229,2.93406224276463,0.580835152009221,0.511997234230693
"ETS_log",19175.4396253627,15817.3794469969,2.71576494350013,0.542541970401623,0.520583899318076
"ETS_AAdA",20952.2579069325,17292.4131112865,2.96733963186255,0.59313617112331,0.56882180194096
"SNaive",24687.7652458325,20551.8333333333,3.64500254790028,0.704935491330674,0.6702351209787
"STL_ETS",31253.2101129268,28547.2867621511,4.95120880702293,0.979182503742632,0.848476921763759
"Drift",32929.9569849712,30174.1730769231,5.23880021300163,1.03498530658956,0.893998038456369
"Naive",36393.7210575762,28276.4166666667,4.82175035248516,0.969891559195247,0.988033942845732
"Mean",146366.366159857,144482.664285714,25.3200132532462,4.95580887043401,3.97362329694564
