"month","point","lo80","hi80","lo95","hi95"
2026 Apr,563324.240776091,544964.313363146,581684.168189036,535245.154880824,591403.326671359
2026 May,575029.44615237,548277.442729621,601781.449575119,534115.787558696,615943.104746044
2026 Jun,584843.756180502,551204.282325317,618483.230035686,533396.620546112,636290.891814892
2026 Jul,588437.385985501,548986.204478382,627888.567492621,528102.010507537,648772.761463465
2026 Aug,583189.879882523,539065.899483818,627313.860281228,515708.075200507,650671.684564539
2026 Sep,581563.561653224,532915.36285299,630211.760453458,507162.562017532,655964.561288915
2026 Oct,570229.999577878,518234.002669865,622225.99648589,490708.984567722,649751.014588033
2026 Nov,561007.257315081,505821.982988626,616192.531641536,476608.663403761,645405.851226401
2026 Dec,546996.027603121,489410.150200287,604581.905005955,458926.028110177,635066.027096065
2027 Jan,556057.31645871,493799.625228668,618315.007688753,460842.394287675,651272.238629746
2027 Feb,559509.552908648,493226.496266322,625792.609550973,458138.365594011,660880.740223284
2027 Mar,570344.305678758,499155.06996162,641533.541395896,461469.764970573,679218.846386942
