"scope",".model","train_rows","valid_rows","train_end","valid_start","valid_end","RMSE","MAE"
"fold_1","ARIMA_man",57,12,"2021 Mar","2021 Apr","2022 Mar",15161.9771043727,12182.8633210805
"fold_1","ETS_MAM",57,12,"2021 Mar","2021 Apr","2022 Mar",19827.2944269589,15463.9679922573
"fold_2","ARIMA_man",69,12,"2022 Mar","2022 Apr","2023 Mar",39272.4844964808,36295.8164777636
"fold_2","ETS_MAM",69,12,"2022 Mar","2022 Apr","2023 Mar",33539.5805271488,31263.6171980675
"fold_3","ARIMA_man",81,12,"2023 Mar","2023 Apr","2024 Mar",27504.0060808805,21618.0877479846
"fold_3","ETS_MAM",81,12,"2023 Mar","2023 Apr","2024 Mar",67245.9031357865,50458.6627408459
"fold_4","ARIMA_man",93,12,"2024 Mar","2024 Apr","2025 Mar",42925.0683228807,35023.421353525
"fold_4","ETS_MAM",93,12,"2024 Mar","2024 Apr","2025 Mar",76886.1870973142,74230.5455556452
"fold_5","ARIMA_man",105,12,"2025 Mar","2025 Apr","2026 Mar",14020.9488525887,12013.7545496294
"fold_5","ETS_MAM",105,12,"2025 Mar","2025 Apr","2026 Mar",12658.4452474234,11345.9956514138
"pooled","ARIMA_man",,60,,"2021 Apr","2026 Mar",30225.2624008059,23426.7886899966
"pooled","ETS_MAM",,60,,"2021 Apr","2026 Mar",49217.3923673801,36552.557827646
